Accuracy,Precision,Recall,F1 Score,ROC AUC,Model,C,max_iter,solver
0.45864661654135336,0.575,0.15333333333333332,0.24210526315789474,0.5344252873563218,LogisticRegression,10.0,200,lbfgs
