Accuracy,Precision,Recall,F1 Score,ROC AUC,Model,C,gamma,kernel
0.5639097744360902,0.5643939393939394,0.9933333333333333,0.7198067632850241,0.5490229885057472,SVC,0.1,scale,rbf
