Accuracy,Precision,Recall,F1 Score,ROC AUC,learning_rate,max_depth,n_estimators
0.5338345864661654,0.6181818181818182,0.4533333333333333,0.5230769230769231,0.5269540229885057,0.01,3,100
