Accuracy,Precision,Recall,F1 Score,ROC AUC,Model,learning_rate,max_depth,n_estimators
0.5338345864661654,0.6181818181818182,0.4533333333333333,0.5230769230769231,0.5269540229885057,XGBClassifier,0.01,3,100
0.5,0.673469387755102,0.22,0.3316582914572864,0.5475287356321838,XGBClassifier,0.01,3,300
0.5037593984962406,0.5714285714285714,0.48,0.5217391304347826,0.5310919540229886,XGBClassifier,0.01,6,100
0.5,0.6666666666666666,0.22666666666666666,0.3383084577114428,0.5436206896551724,XGBClassifier,0.01,6,300
0.556390977443609,0.7285714285714285,0.34,0.4636363636363636,0.5561494252873563,XGBClassifier,0.1,3,100
0.5075187969924813,0.6666666666666666,0.25333333333333335,0.3671497584541063,0.5456896551724137,XGBClassifier,0.1,3,300
0.5075187969924813,0.6233766233766234,0.32,0.42290748898678415,0.5304597701149426,XGBClassifier,0.1,6,100
0.518796992481203,0.6375,0.34,0.4434782608695652,0.54,XGBClassifier,0.1,6,300
