Accuracy,Precision,Recall,F1 Score,ROC AUC
0.4197860962566845,0.4074074074074074,0.0518867924528301,0.0920502092050209,0.4777253668763103
