Accuracy,Precision,Recall,F1 Score,ROC AUC,Model,kernel,gamma,degree,coef0,C
0.5320855614973262,0.5682656826568265,0.7264150943396226,0.6376811594202898,0.5148788725832751,SVC,poly,0.1,2,0.0,10.0
